[{"Title": "\nKitten Cannon\n", "VideoLink": "\nhttps://www.addictinggames.com/sites/default/files/kittencannon.mp4"}, {"Title": "\nInteractive Buddy\n", "VideoLink": "\nhttps://www.addictinggames.com/sites/default/files/interactivebuddy.mp4"}, {"Title": "\nHide the Fart\n", "VideoLink": "\nhttps://www.addictinggames.com/sites/default/files/hidethefart.mp4"}, {"Title": "\nThe Idiot Test\n", "VideoLink": "\nhttps://www.addictinggames.com/sites/default/files/idiot.mp4"}, {"Title": "\nThe Stupid Test 4\n", "VideoLink": "\nhttps://www.addictinggames.com/sites/default/files/thestupidtest4.mp4"}, {"Title": "\nGod's Playing Field\n", "VideoLink": "\nhttps://www.addictinggames.com/sites/default/files/godsplayingfield.mp4"}, {"Title": "\nTattoo Artist\n", "VideoLink": "\nhttps://www.addictinggames.com/sites/default/files/tattooartist.mp4"}, {"Title": "\nSpank the Monkey\n", "VideoLink": "\nhttps://www.addictinggames.com/sites/default/files/monkey.mp4"}, {"Title": "\nI Dont Even Game\n", "VideoLink": "\nhttps://www.addictinggames.com/sites/default/files/i-dont-even_0.mp4"}, {"Title": "\nDon't Shoot The Puppy\n", "VideoLink": "\nhttps://www.addictinggames.com/sites/default/files/dontshootthepuppy.mp4"}, {"Title": "\nThe Vision Test\n", "VideoLink": "\nhttps://www.addictinggames.com/sites/default/files/thevisiontest.mp4"}, {"Title": "\nEffing Worms\n", "VideoLink": "\nhttps://www.addictinggames.com/sites/default/files/effing-worms.mp4"}, {"Title": "\nStick-Click\n", "VideoLink": "\nhttps://www.addictinggames.com/sites/default/files/clickstick.mp4"}, {"Title": "\nFalling Bush\n", "VideoLink": "\nhttps://www.addictinggames.com/sites/default/files/Falling-Bush.mp4"}, {"Title": "\nTattoo Artist 2\n", "VideoLink": "\nhttps://www.addictinggames.com/sites/default/files/tattooartist2.mp4"}, {"Title": "\nIndestructo Tank\n", "VideoLink": "\nhttps://www.addictinggames.com/sites/default/files/indestructotank_0.mp4"}, {"Title": "\nThis Is the Only Level\n", "VideoLink": "\nhttps://www.addictinggames.com/sites/default/files/thisistheonlylevel.mp4"}, {"Title": "\nShark Bait\n", "VideoLink": "\nhttps://www.addictinggames.com/sites/default/files/sharkbait.mp4"}, {"Title": "\nStick Dude Killing Arena\n", "VideoLink": "\nhttps://www.addictinggames.com/sites/default/files/stick-dude-killing-arena.mp4"}, {"Title": "\n4 Second Frenzy\n", "VideoLink": "\nhttps://www.addictinggames.com/sites/default/files/4secondfrenzy.mp4"}, {"Title": "\nClickage\n", "VideoLink": "\nhttps://www.addictinggames.com/sites/default/files/clickage.mp4"}, {"Title": "\nRemote Control\n", "VideoLink": "\nhttps://www.addictinggames.com/sites/default/files/remotecontrol.mp4"}, {"Title": "\nPorta-Pusher\n", "VideoLink": "\nhttps://www.addictinggames.com/sites/default/files/portapusher.mp4"}, {"Title": "\nHero on the Hudson\n", "VideoLink": "\nhttps://www.addictinggames.com/sites/default/files/heroonthehudson.mp4"}, {"Title": "\nPoo Dodger\n", "VideoLink": "\nhttps://www.addictinggames.com/sites/default/files/poododger_0.mp4"}, {"Title": "\nDangerous Dave & Brutal Bob\n", "VideoLink": "\nhttps://www.addictinggames.com/sites/default/files/Dangerous-Dave-Brutal-Bob.mp4"}, {"Title": "\nCyclomaniacs\n", "VideoLink": "\nhttps://www.addictinggames.com/sites/default/files/cyclomaniacs.mp4"}, {"Title": "\nStickicide 2\n", "VideoLink": "\nhttps://www.addictinggames.com/sites/default/files/stickicide2.mp4"}, {"Title": "\nGangsta Bean\n", "VideoLink": "\nhttps://www.addictinggames.com/sites/default/files/gangstabean.mp4"}, {"Title": "\nToast of War\n", "VideoLink": "\nhttps://www.addictinggames.com/sites/default/files/toastofwar.mp4"}, {"Title": "\nTattoo Artist 3\n", "VideoLink": "\nhttps://www.addictinggames.com/sites/default/files/tattoo-artist-3.mp4"}, {"Title": "\nThe Worlds Easyest Game\n", "VideoLink": "\nhttps://www.addictinggames.com/sites/default/files/the-worlds-easyest.mp4"}, {"Title": "\nDark Cut 2\n", "VideoLink": "\nhttps://www.addictinggames.com/sites/default/files/Dark-Cut-2.mp4"}, {"Title": "\nMonkey Go Happy\n", "VideoLink": "\nhttps://www.addictinggames.com/sites/default/files/mogh%20%281%29.mp4"}, {"Title": "\nStick Mini Games\n", "VideoLink": "\nhttps://www.addictinggames.com/sites/default/files/Stick-Mini-Games.mp4"}, {"Title": "\nSki Runner\n", "VideoLink": "\nhttps://www.addictinggames.com/sites/default/files/donnyhill.mp4"}, {"Title": "\nKaroshi Suicide Salaryman\n", "VideoLink": "\nhttps://www.addictinggames.com/sites/default/files/Karoshi-Suicide-Salaryman.mp4"}, {"Title": "\nCrash Test Launcher\n", "VideoLink": "\nhttps://www.addictinggames.com/sites/default/files/Crash-Test-Launcher.mp4"}, {"Title": "\nThe Stupid Test 5\n", "VideoLink": "\nhttps://www.addictinggames.com/sites/default/files/thestupidtest5.mp4"}, {"Title": "\nEscaping Paris 2\n", "VideoLink": "\nhttps://www.addictinggames.com/sites/default/files/escaping-paris-2.mp4"}, {"Title": "\nGet Off My Lawn\n", "VideoLink": "\nhttps://www.addictinggames.com/sites/default/files/getoffmylawn.mp4"}, {"Title": "\nDark Cut\n", "VideoLink": "\nhttps://www.addictinggames.com/sites/default/files/darkcut.mp4"}, {"Title": "\nCelebrity Snapshot\n", "VideoLink": "\nhttps://www.addictinggames.com/sites/default/files/Celebrity-Snapshot.mp4"}, {"Title": "\nMutilate-a-Doll 2\n", "VideoLink": "\nhttps://www.addictinggames.com/sites/default/files/stick.mp4"}, {"Title": "\nBieber Tower of Hair Defense\n", "VideoLink": "\nhttps://www.addictinggames.com/sites/default/files/justin-bieber-tower-defense.mp4"}, {"Title": "\nStick Blender\n", "VideoLink": "\nhttps://www.addictinggames.com/sites/default/files/stick-blender_0.mp4"}, {"Title": "\nBaseball Juiced\n", "VideoLink": "\nhttps://www.addictinggames.com/sites/default/files/baseballjuiced.mp4"}, {"Title": "\nWedgie Toss 2\n", "VideoLink": "\nhttps://www.addictinggames.com/sites/default/files/wedgietoss2.mp4"}, {"Title": "\nSlacker 2\n", "VideoLink": "\nhttps://www.addictinggames.com/sites/default/files/slacker2.mp4"}, {"Title": "\nLOLCat Escape\n", "VideoLink": "\nhttps://www.addictinggames.com/sites/default/files/lolcatescape.mp4"}, {"Title": "\nEscape Paris\n", "VideoLink": "\nhttps://www.addictinggames.com/sites/default/files/escapeparis.mp4"}, {"Title": "\nHambo\n", "VideoLink": "\nhttps://www.addictinggames.com/sites/default/files/hambo.mp4"}, {"Title": "\nKill the Wabbits\n", "VideoLink": "\nhttps://www.addictinggames.com/sites/default/files/Kill-the-Wabbits.mp4"}, {"Title": "\nThe Black Knight\n", "VideoLink": "\nhttps://www.addictinggames.com/sites/default/files/blackknight.mp4"}, {"Title": "\nBurger Time\n", "VideoLink": "\nhttps://www.addictinggames.com/sites/default/files/burgertime.mp4"}, {"Title": "\nHigh School Yearbook\n", "VideoLink": "\nhttps://www.addictinggames.com/sites/default/files/highschoolyearbook.mp4"}, {"Title": "\nThe Stupid Test: Ultimatum\n", "VideoLink": "\nhttps://www.addictinggames.com/sites/default/files/the-stupid-test-ultimatum-game.mp4"}, {"Title": "\nZoo Escape\n", "VideoLink": "\nhttps://www.addictinggames.com/sites/default/files/zooescape.mp4"}, {"Title": "\nI Love My Computer\n", "VideoLink": "\nhttps://www.addictinggames.com/sites/default/files/I-Love-My-Computer.mp4"}, {"Title": "\nWatermelon Bomb\n", "VideoLink": "\nhttps://www.addictinggames.com/sites/default/files/watermelon-bomb.mp4"}, {"Title": "\nHigh School Library\n", "VideoLink": "\nhttps://www.addictinggames.com/sites/default/files/highschoollibrar.mp4"}, {"Title": "\nThe Stupid Test 4 & 1/2\n", "VideoLink": "\nhttps://www.addictinggames.com/sites/default/files/The-Stupid-Test-4--1-2.mp4"}, {"Title": "\nMoby Dick\n", "VideoLink": "\nhttps://www.addictinggames.com/sites/default/files/moby-dick.mp4"}, {"Title": "\nVampire Physics\n", "VideoLink": "\nhttps://www.addictinggames.com/sites/default/files/vampire-physics.mp4"}, {"Title": "\nThis Is the Only Level Too\n", "VideoLink": "\nhttps://www.addictinggames.com/sites/default/files/this-is-the-only-level-too.mp4"}, {"Title": "\nAcne Be Gone\n", "VideoLink": "\nhttps://www.addictinggames.com/sites/default/files/Acne%20Be%20Gone.mp4"}, {"Title": "\nPanda Tactical Sniper\n", "VideoLink": "\nhttps://www.addictinggames.com/sites/default/files/pandatacticalsniper.mp4"}, {"Title": "\nCelebrity Smackdown 4\n", "VideoLink": "\nhttps://www.addictinggames.com/sites/default/files/celebritysmackdown4.mp4"}, {"Title": "\nCrazy Bomberman\n", "VideoLink": "\nhttps://www.addictinggames.com/sites/default/files/crazybomberman.mp4"}, {"Title": "\nYoure Toast 2\n", "VideoLink": "\nhttps://www.addictinggames.com/sites/default/files/youre-toast-2.mp4"}, {"Title": "\nSuper Monkey Poop Fight\n", "VideoLink": "\nhttps://www.addictinggames.com/sites/default/files/supermonkeypoopflinging.mp4"}, {"Title": "\nBuild A Robot 3\n", "VideoLink": "\nhttps://www.addictinggames.com/sites/default/files/buildarobot3.mp4"}, {"Title": "\nCrazy Penguin Catapult\n", "VideoLink": "\nhttps://www.addictinggames.com/sites/default/files/crazypenguincatapult.mp4"}, {"Title": "\nThe Impossibly Hard Quiz 2\n", "VideoLink": "\nhttps://www.addictinggames.com/sites/default/files/The-Impossibly-Hard-Quiz-2.mp4"}, {"Title": "\nKiller Whale\n", "VideoLink": "\nhttps://www.addictinggames.com/sites/default/files/killerwhale.mp4"}, {"Title": "\nTrillion Dollar Bailout\n", "VideoLink": "\nhttps://www.addictinggames.com/sites/default/files/trilliondollarbailout.mp4"}, {"Title": "\nWorlds Fastest Drummer\n", "VideoLink": "\nhttps://www.addictinggames.com/sites/default/files/worldsfastestdrummer.mp4"}, {"Title": "\nBobby Bob\n", "VideoLink": "\nhttps://www.addictinggames.com/sites/default/files/bobby-bob.mp4"}, {"Title": "\nRen & Stimpy's Crazy Cannon\n", "VideoLink": "\nhttps://www.addictinggames.com/sites/default/files/renstimpyscrazycannon.mp4"}, {"Title": "\nRagdoll Avalanche II\n", "VideoLink": "\nhttps://www.addictinggames.com/sites/default/files/ragdollavalancheii.mp4"}]